{"count":1,"self":25.871126399999998,"total":27.277501599999997,"children":{"InitializeActuators":{"count":16,"self":0.0010049,"total":0.0010049,"children":null},"InitializeSensors":{"count":16,"self":0.0030001999999999997,"total":0.0030001999999999997,"children":null},"AgentSendState":{"count":1131,"self":0.94091819999999993,"total":1.0002511,"children":{"CollectObservations":{"count":3632,"self":0.0086312,"total":0.0086312,"children":null},"WriteActionMask":{"count":3632,"self":0.0034641999999999997,"total":0.0034641999999999997,"children":null},"RequestDecision":{"count":3632,"self":0.047237499999999995,"total":0.047237499999999995,"children":null}}},"DecideAction":{"count":1131,"self":0.2961666,"total":0.3307004,"children":{"RayPerceptionSensor.Perceive":{"count":10896,"self":0.034533799999999996,"total":0.034533799999999996,"children":null}}},"AgentAct":{"count":1131,"self":0.0697904,"total":0.0697904,"children":null}},"gauges":{"Pyramids.CumulativeReward":{"count":15,"max":1.91859972,"min":1.80299783,"runningAverage":1.85622537,"value":1.91859972,"weightedAverage":1.84982085}},"metadata":{"timer_format_version":"0.1.0","start_time_seconds":"1666048924","unity_version":"2020.3.32f1","command_line_arguments":"C:\\Program Files\\2020.3.32f1\\Editor\\Unity.exe -projectpath C:\\Users\\AClea\\Documents\\GitHub\\Unity_ML_Agents_Package -useHub -hubIPC -cloudEnvironment production -licensingIpc LicenseClient-AClea -hubSessionId 1b6056d0-4c95-11ed-b630-f7fc31e933e6 -accessToken 8uzodwKXJ9S98PtEGyWHNdepkl9F-uGjs3XwX2CMnck002f","communication_protocol_version":"1.5.0","com.unity.ml-agents_version":"2.2.1-exp.1","scene_name":"Pyramids","end_time_seconds":"1666048951"}}